<esri:RecordSetData xmlns:esri='http://www.esri.com/schemas/ArcGIS/10.0' xmlns:xsi='http://www.w3.org/2001/XMLSchema-instance' xmlns:xs='http://www.w3.org/2001/XMLSchema'><Data xsi:type='esri:RecordSet'><Fields xsi:type='esri:Fields'><FieldArray xsi:type='esri:ArrayOfField'><Field xsi:type='esri:Field'><Name>OBJECTID</Name><Type>esriFieldTypeOID</Type><IsNullable>false</IsNullable><Length>4</Length><Precision>0</Precision><Scale>0</Scale><Required>true</Required><Editable>false</Editable><DomainFixed>true</DomainFixed><AliasName>OBJECTID</AliasName><ModelName>System-maintained ObjectID</ModelName></Field><Field xsi:type='esri:Field'><Name>TABLENAME</Name><Type>esriFieldTypeString</Type><IsNullable>true</IsNullable><Length>254</Length><Precision>0</Precision><Scale>0</Scale><AliasName>Table Name</AliasName><ModelName>TABLENAME</ModelName></Field><Field xsi:type='esri:Field'><Name>FIELDNAME</Name><Type>esriFieldTypeString</Type><IsNullable>true</IsNullable><Length>64</Length><Precision>0</Precision><Scale>0</Scale><AliasName>Field Name</AliasName><ModelName>FIELDNAME</ModelName></Field><Field xsi:type='esri:Field'><Name>VALUEMETHOD</Name><Type>esriFieldTypeString</Type><IsNullable>true</IsNullable><Length>254</Length><Precision>0</Precision><Scale>0</Scale><AliasName>Value Method</AliasName><ModelName>VALUEMETHOD</ModelName><Domain xsi:type='esri:CodedValueDomain'><DomainName>ValueMethod</DomainName><FieldType>esriFieldTypeString</FieldType><MergePolicy>esriMPTDefaultValue</MergePolicy><SplitPolicy>esriSPTDefaultValue</SplitPolicy><Description>Rules for setting dynamic field values</Description><Owner></Owner><CodedValues xsi:type='esri:ArrayOfCodedValue'><CodedValue xsi:type='esri:CodedValue'><Name>CURRENT_USER</Name><Code xsi:type='xs:string'>CURRENT_USER</Code></CodedValue><CodedValue xsi:type='esri:CodedValue'><Name>FIELD</Name><Code xsi:type='xs:string'>FIELD</Code></CodedValue><CodedValue xsi:type='esri:CodedValue'><Name>LAST_VALUE</Name><Code xsi:type='xs:string'>LAST_VALUE</Code></CodedValue><CodedValue xsi:type='esri:CodedValue'><Name>TIMESTAMP</Name><Code xsi:type='xs:string'>TIMESTAMP</Code></CodedValue><CodedValue xsi:type='esri:CodedValue'><Name>EXPRESSION</Name><Code xsi:type='xs:string'>EXPRESSION</Code></CodedValue><CodedValue xsi:type='esri:CodedValue'><Name>JUNCTION_ROTATION</Name><Code xsi:type='xs:string'>JUNCTION_ROTATION</Code></CodedValue><CodedValue xsi:type='esri:CodedValue'><Name>INTERSECTING_FEATURE</Name><Code xsi:type='xs:string'>INTERSECTING_FEATURE</Code></CodedValue><CodedValue xsi:type='esri:CodedValue'><Name>GUID</Name><Code xsi:type='xs:string'>GUID</Code></CodedValue></CodedValues></Domain></Field><Field xsi:type='esri:Field'><Name>VALUEINFO</Name><Type>esriFieldTypeString</Type><IsNullable>true</IsNullable><Length>254</Length><Precision>0</Precision><Scale>0</Scale><AliasName>Value Info</AliasName><ModelName>VALUEINFO</ModelName></Field><Field xsi:type='esri:Field'><Name>ON_CREATE</Name><Type>esriFieldTypeSmallInteger</Type><IsNullable>true</IsNullable><Length>2</Length><Precision>0</Precision><Scale>0</Scale><AliasName>Create</AliasName><ModelName>ON_CREATE</ModelName><DefaultValue xsi:type='xs:double'>1</DefaultValue><Domain xsi:type='esri:CodedValueDomain'><DomainName>YesNo</DomainName><FieldType>esriFieldTypeSmallInteger</FieldType><MergePolicy>esriMPTDefaultValue</MergePolicy><SplitPolicy>esriSPTDefaultValue</SplitPolicy><Description>Yes/No 1/0</Description><Owner></Owner><CodedValues xsi:type='esri:ArrayOfCodedValue'><CodedValue xsi:type='esri:CodedValue'><Name>Yes</Name><Code xsi:type='xs:short'>1</Code></CodedValue><CodedValue xsi:type='esri:CodedValue'><Name>No</Name><Code xsi:type='xs:short'>0</Code></CodedValue></CodedValues></Domain></Field><Field xsi:type='esri:Field'><Name>ON_CHANGE</Name><Type>esriFieldTypeSmallInteger</Type><IsNullable>true</IsNullable><Length>2</Length><Precision>0</Precision><Scale>0</Scale><AliasName>Change</AliasName><ModelName>ON_CHANGE</ModelName><DefaultValue xsi:type='xs:double'>1</DefaultValue><Domain xsi:type='esri:CodedValueDomain'><DomainName>YesNo</DomainName><FieldType>esriFieldTypeSmallInteger</FieldType><MergePolicy>esriMPTDefaultValue</MergePolicy><SplitPolicy>esriSPTDefaultValue</SplitPolicy><Description>Yes/No 1/0</Description><Owner></Owner><CodedValues xsi:type='esri:ArrayOfCodedValue'><CodedValue xsi:type='esri:CodedValue'><Name>Yes</Name><Code xsi:type='xs:short'>1</Code></CodedValue><CodedValue xsi:type='esri:CodedValue'><Name>No</Name><Code xsi:type='xs:short'>0</Code></CodedValue></CodedValues></Domain></Field></FieldArray></Fields><Records xsi:type='esri:ArrayOfRecord'><Record xsi:type='esri:Record'><Values xsi:type='esri:ArrayOfValue'><Value xsi:type='xs:int'>3</Value><Value xsi:type='xs:string'>*</Value><Value xsi:type='xs:string'>IPID</Value><Value xsi:type='xs:string'>GUID</Value><Value xsi:nil='true'></Value><Value xsi:type='xs:short'>1</Value><Value xsi:type='xs:short'>0</Value></Values></Record><Record xsi:type='esri:Record'><Values xsi:type='esri:ArrayOfValue'><Value xsi:type='xs:int'>4</Value><Value xsi:type='xs:string'>DUCT</Value><Value xsi:type='xs:string'>DUCTID</Value><Value xsi:type='xs:string'>GUID</Value><Value xsi:nil='true'></Value><Value xsi:type='xs:short'>1</Value><Value xsi:type='xs:short'>0</Value></Values></Record><Record xsi:type='esri:Record'><Values xsi:type='esri:ArrayOfValue'><Value xsi:type='xs:int'>6</Value><Value xsi:type='xs:string'>INNERDUCT</Value><Value xsi:type='xs:string'>INNERDUCTID</Value><Value xsi:type='xs:string'>GUID</Value><Value xsi:nil='true'></Value><Value xsi:type='xs:short'>1</Value><Value xsi:type='xs:short'>0</Value></Values></Record><Record xsi:type='esri:Record'><Values xsi:type='esri:ArrayOfValue'><Value xsi:type='xs:int'>11</Value><Value xsi:type='xs:string'>*</Value><Value xsi:type='xs:string'>CREATIONUSER</Value><Value xsi:type='xs:string'>CURRENT_USER</Value><Value xsi:nil='true'></Value><Value xsi:type='xs:short'>1</Value><Value xsi:type='xs:short'>0</Value></Values></Record><Record xsi:type='esri:Record'><Values xsi:type='esri:ArrayOfValue'><Value xsi:type='xs:int'>12</Value><Value xsi:type='xs:string'>*</Value><Value xsi:type='xs:string'>LASTUSER</Value><Value xsi:type='xs:string'>CURRENT_USER</Value><Value xsi:nil='true'></Value><Value xsi:type='xs:short'>0</Value><Value xsi:type='xs:short'>1</Value></Values></Record><Record xsi:type='esri:Record'><Values xsi:type='esri:ArrayOfValue'><Value xsi:type='xs:int'>13</Value><Value xsi:type='xs:string'>*</Value><Value xsi:type='xs:string'>DATECREATED</Value><Value xsi:type='xs:string'>TIMESTAMP</Value><Value xsi:nil='true'></Value><Value xsi:type='xs:short'>1</Value><Value xsi:type='xs:short'>0</Value></Values></Record><Record xsi:type='esri:Record'><Values xsi:type='esri:ArrayOfValue'><Value xsi:type='xs:int'>14</Value><Value xsi:type='xs:string'>*</Value><Value xsi:type='xs:string'>DATEMODIFIED</Value><Value xsi:type='xs:string'>TIMESTAMP</Value><Value xsi:nil='true'></Value><Value xsi:type='xs:short'>0</Value><Value xsi:type='xs:short'>1</Value></Values></Record></Records></Data></esri:RecordSetData>